Date,Confirmed,Deaths,Recovered,Active,New cases,New deaths,New recovered,Deaths / 100 Cases,Recovered / 100 Cases,Deaths / 100 Recovered,No. of countries,7D Avg New Cases,7D Avg New Deaths,Case Fatality Rate (%),Doubling Time (days)
2020-01-22,555,17,28,510,0,0,0,3.06,5.05,60.71,6,,,3.063063063063063,
2020-01-23,654,18,30,606,99,1,2,2.75,4.59,60.0,8,,,2.7522935779816518,
2020-01-24,941,26,36,879,287,8,6,2.76,3.83,72.22,9,,,2.763018065887354,
2020-01-25,1434,42,39,1353,493,16,3,2.93,2.72,107.69,11,,,2.928870292887029,
2020-01-26,2118,56,52,2010,684,14,13,2.64,2.46,107.69,13,,,2.644003777148253,
2020-01-27,2927,82,61,2784,809,26,9,2.8,2.08,134.43,16,,,2.801503245644004,
2020-01-28,5578,131,107,5340,2651,49,46,2.35,1.92,122.43,16,717.5714285714286,16.285714285714285,2.3485120114736464,
2020-01-29,6166,133,125,5908,588,2,18,2.16,2.03,106.4,18,801.5714285714286,16.571428571428573,2.156989944858904,2.015098724311887
2020-01-30,8234,171,141,7922,2068,38,16,2.08,1.71,121.28,20,1082.857142857143,21.857142857142858,2.0767549186300704,1.915587760208037
2020-01-31,9927,213,219,9495,1693,42,78,2.15,2.21,97.26,24,1283.7142857142858,26.714285714285715,2.1456633423995166,2.0593740095908664
2020-02-01,12038,259,281,11498,2111,46,62,2.15,2.33,92.17,25,1514.857142857143,31.0,2.1515201860774216,2.2805174665643855
2020-02-02,16787,362,459,15966,4749,103,178,2.16,2.73,78.87,25,2095.5714285714284,43.714285714285715,2.1564305712753917,2.343825911253187
2020-02-03,19887,426,604,18857,3100,64,145,2.14,3.04,70.53,25,2422.8571428571427,49.142857142857146,2.1421028812792278,2.5322582498807704
2020-02-04,23898,492,821,22585,4011,66,217,2.06,3.44,59.93,26,2617.1428571428573,51.57142857142857,2.0587496861662067,3.334810104669473
2020-02-05,27643,564,1071,26008,3745,72,250,2.04,3.87,52.66,26,3068.1428571428573,61.57142857142857,2.040299533335745,3.2339921770059776
2020-02-06,30802,634,1418,28750,3159,70,347,2.06,4.6,44.71,26,3224.0,66.14285714285714,2.0583079020842803,3.6777093512247148
2020-02-07,34334,719,1903,31712,3532,85,485,2.09,5.54,37.78,26,3486.714285714286,72.28571428571429,2.094134094483602,3.9101596199777537
2020-02-08,37068,806,2470,33792,2734,87,567,2.17,6.66,32.63,26,3575.714285714286,78.14285714285714,2.1743822164670337,4.314120865616051
2020-02-09,40095,906,3057,36132,3027,100,587,2.26,7.62,29.64,26,3329.714285714286,77.71428571428571,2.259633370744482,5.572902725221691
2020-02-10,42633,1013,3714,37906,2538,107,657,2.38,8.71,27.28,26,3249.4285714285716,83.85714285714286,2.37609363638496,6.362798095201588
2020-02-11,44675,1113,4417,39145,2042,100,703,2.49,9.89,25.2,26,2968.1428571428573,88.71428571428571,2.491326245103526,7.755563742917704
2020-02-12,46561,1118,4849,40594,1886,5,432,2.4,10.41,23.06,26,2702.5714285714284,79.14285714285714,2.401151178024527,9.305938528081517
2020-02-13,60206,1371,5930,52905,13645,253,1081,2.28,9.85,23.12,26,4200.571428571428,105.28571428571429,2.277181676244892,7.239757300277447
2020-02-14,66690,1523,7613,57554,6484,152,1683,2.28,11.42,20.01,27,4622.285714285715,114.85714285714286,2.283700704753336,7.308167105070066
2020-02-15,68765,1666,8902,58197,2075,143,1289,2.42,12.95,18.71,27,4528.142857142857,122.85714285714286,2.42274412855377,7.851933424283541
2020-02-16,70879,1770,10319,58790,2114,104,1417,2.5,14.56,17.15,27,4397.714285714285,123.42857142857143,2.497213561139407,8.516479086669891
2020-02-17,72815,1868,11951,58996,1936,98,1632,2.57,16.41,15.63,27,4311.714285714285,122.14285714285714,2.5654054796401837,9.064244908509833
2020-02-18,74609,2008,13693,58908,1794,140,1742,2.69,18.35,14.66,27,4276.285714285715,127.85714285714286,2.6913643126164404,9.460968836908249
2020-02-19,75030,2123,15394,57513,421,115,1701,2.83,20.52,13.79,28,4067.0,143.57142857142858,2.8295348527255766,10.169311561480503
2020-02-20,75577,2246,17369,55962,547,123,1975,2.97,22.98,12.93,28,2195.8571428571427,125.0,2.971803591039602,21.338862253813762
2020-02-21,76206,2250,17966,55990,629,4,597,2.95,23.58,12.52,30,1359.4285714285713,103.85714285714286,2.952523423352492,36.37608129279948
2020-02-22,77967,2457,21849,53661,1761,207,3883,3.15,28.02,11.25,30,1314.5714285714287,113.0,3.1513332563776983,38.63365461420135
2020-02-23,78290,2467,22304,53519,323,10,455,3.15,28.49,11.06,31,1058.7142857142858,99.57142857142857,3.151104866521906,48.790758069172554
2020-02-24,78854,2627,24047,52180,564,160,1743,3.33,30.5,10.92,36,862.7142857142857,108.42857142857143,3.3314733558221525,60.896962721539204
2020-02-25,79707,2707,26652,50348,853,80,2605,3.4,33.44,10.16,41,728.2857142857143,99.85714285714286,3.39618854052969,73.40853599620208
2020-02-26,80670,2767,29077,48826,963,60,2425,3.43,36.04,9.52,47,805.7142857142857,92.0,3.4300235527457543,66.9441996631149
2020-02-27,82034,2810,31919,47305,1364,43,2842,3.43,38.91,8.8,51,922.4285714285714,80.57142857142857,3.4254089767657314,59.184243015590845
2020-02-28,83411,2867,35306,45238,1377,57,3387,3.44,42.33,8.12,57,1029.2857142857142,88.14285714285714,3.4371965328314014,53.708551150044194
2020-02-29,85306,2936,38314,44056,1895,69,3008,3.44,44.91,7.66,61,1048.4285714285713,68.42857142857143,3.4417274283168826,53.935939233694576
2020-03-01,87690,2990,41208,43492,2384,54,2894,3.41,46.99,7.26,66,1342.857142857143,74.71428571428571,3.4097388527768273,42.79139614164606
2020-03-02,89664,3079,44085,42500,1974,89,2877,3.43,49.17,6.98,73,1544.2857142857142,64.57142857142857,3.4339311206281224,37.76742284414499
2020-03-03,92241,3154,46681,42406,2577,75,2596,3.42,50.61,6.76,76,1790.5714285714287,63.857142857142854,3.419303780314611,33.22231953872565
2020-03-04,94540,3249,49619,41672,2299,95,2938,3.44,52.48,6.55,80,1981.4285714285713,68.85714285714286,3.4366405754178126,30.58202725627713
2020-03-05,97331,3342,52237,41752,2791,93,2618,3.43,53.67,6.4,84,2185.285714285714,76.0,3.4336439572181527,28.377143436700162
2020-03-06,101274,3454,54270,43550,3943,112,2033,3.41,53.59,6.36,93,2551.8571428571427,83.85714285714286,3.410549598119952,25.004082820428415
2020-03-07,105312,3553,56760,44999,4038,99,2490,3.37,53.9,6.26,94,2858.0,88.14285714285714,3.373784563962322,23.030049501034483
2020-03-08,109266,3797,59092,46377,3954,244,2332,3.48,54.08,6.43,99,3082.285714285714,115.28571428571429,3.4750059487855327,22.05694801066959
2020-03-09,113166,3981,60891,48294,3900,184,1799,3.52,53.81,6.54,102,3357.4285714285716,128.85714285714286,3.517841047664493,20.843270561704227
2020-03-10,118190,4260,62802,51128,5024,279,1911,3.6,53.14,6.78,105,3707.0,158.0,3.6043658515948893,19.57341606156524
2020-03-11,125853,4604,65113,56136,7663,344,2311,3.66,51.74,7.07,111,4473.285714285715,193.57142857142858,3.65823619619715,16.959712854447723
2020-03-12,131603,4909,66434,60260,5750,305,1321,3.73,50.48,7.39,113,4896.0,223.85714285714286,3.730158127094367,16.08377924553501
2020-03-13,146008,5406,68359,72243,14405,497,1925,3.7,46.82,7.91,120,6390.571428571428,278.85714285714283,3.702536847296039,13.263012108209143
2020-03-14,157114,5823,70729,80562,11106,417,2370,3.71,45.02,8.23,133,7400.285714285715,324.2857142857143,3.706226052420535,12.128732895561933
2020-03-15,168260,6464,74139,87657,11146,641,3410,3.84,44.06,8.72,137,8427.714285714286,381.0,3.8416736003803638,11.238702531252907
2020-03-16,182919,7144,76192,99583,14659,680,2053,3.91,41.65,9.38,143,9964.714285714286,451.85714285714283,3.9055538243703496,10.104445868866847
2020-03-17,198757,7948,78944,111865,15838,804,2752,4.0,39.72,10.07,146,11509.57142857143,526.8571428571429,3.998852870590721,9.33460661762368
2020-03-18,218343,8845,81427,128071,19586,897,2483,4.05,37.29,10.86,150,13212.857142857143,605.8571428571429,4.050965682435434,8.80661915645859
2020-03-19,246261,9951,83064,153246,27918,1106,1637,4.04,33.73,11.98,154,16379.714285714286,720.2857142857143,4.04083472413415,7.743398880572956
2020-03-20,275869,11429,85509,178931,29608,1478,2445,4.14,31.0,13.37,161,18551.571428571428,860.4285714285714,4.142908409426213,7.625804573315084
2020-03-21,308175,13134,89775,205266,32306,1705,4266,4.26,29.13,14.63,163,21580.14285714286,1044.4285714285713,4.26186420053541,7.20210481536278
2020-03-22,341585,14831,95990,230764,33410,1697,6215,4.34,28.1,15.45,168,24760.714285714286,1195.2857142857142,4.341818288273783,6.8523163161057745
2020-03-23,383750,16748,96456,270546,42165,1917,466,4.36,25.14,17.36,169,28690.14285714286,1372.0,4.364299674267101,6.548409787024281
2020-03-24,424889,19016,105997,299876,41154,2268,9541,4.48,24.95,17.94,171,32306.714285714286,1581.142857142857,4.475521842175251,6.386393273784347
2020-03-25,475706,21793,111445,342468,50817,2777,5448,4.58,23.43,19.55,174,36768.28571428572,1849.7142857142858,4.581190903625348,6.230674104933031
2020-03-26,538666,24800,119804,394062,62960,3007,8359,4.6,22.24,20.7,175,41774.28571428572,2121.285714285714,4.6039660940174425,6.199063412047136
2020-03-27,603066,28318,128508,446240,64400,3518,8704,4.7,21.31,22.04,176,46744.57142857143,2412.714285714286,4.695671783851187,6.203844761004485
2020-03-28,670723,31997,136800,501926,67657,3679,8292,4.77,20.4,23.39,176,51794.71428571428,2694.714285714286,4.77052374825375,6.2390413264509155
2020-03-29,730300,35470,146261,548569,59577,3473,9461,4.86,20.03,24.25,176,55532.857142857145,2948.4285714285716,4.856908119950705,6.385436201047346
2020-03-30,794939,39634,161707,593598,64639,4164,15446,4.99,20.34,24.51,177,58743.42857142857,3269.4285714285716,4.9857913626076975,6.66236843452055
2020-03-31,871355,44478,174074,652803,76416,4844,12367,5.1,19.98,25.55,179,63780.857142857145,3637.4285714285716,5.1044637375122655,6.755618115430036
2020-04-01,947569,50029,189434,708106,76214,5551,15360,5.28,19.99,26.41,179,67409.0,4033.714285714286,5.279721054614493,7.041114622468419
2020-04-02,1028968,56334,206052,766582,81399,6305,16618,5.47,20.03,27.34,180,70043.14285714286,4504.857142857143,5.474805824865301,7.496772067766475
2020-04-03,1112123,62319,221060,828744,83155,5985,15008,5.6,19.88,28.19,180,72722.42857142857,4857.285714285715,5.603606795291529,7.928161322896166
2020-04-04,1192586,68160,241072,883354,80463,5841,20012,5.72,20.21,28.27,180,74551.85714285714,5166.142857142857,5.715311097061344,8.430643779058233
2020-04-05,1264304,73181,254477,936646,71718,5021,13405,5.79,20.13,28.76,182,76286.28571428571,5387.285714285715,5.788243966640935,8.840814354623573
2020-04-06,1336976,79013,270812,987151,72672,5832,16335,5.91,20.26,29.18,183,77433.85714285714,5625.571428571428,5.90982934622611,9.33261778288195
2020-04-07,1413849,86915,293665,1033269,76873,7902,22853,6.15,20.77,29.6,183,77499.14285714286,6062.428571428572,6.147403294128298,10.024408957141842
2020-04-08,1497624,93650,322017,1081957,83775,6735,28352,6.25,21.5,29.08,183,78579.28571428571,6231.571428571428,6.253238463058819,10.600077124417435
2020-04-09,1584249,101279,346349,1136621,86625,7629,24332,6.39,21.86,29.24,183,79325.85714285714,6420.714285714285,6.392871322626684,11.243155936611702
2020-04-10,1671907,108551,367477,1195879,87658,7272,21128,6.49,21.98,29.54,184,79969.14285714286,6604.571428571428,6.492645823003312,11.901154282865717
2020-04-11,1748872,114620,392991,1241261,76965,6069,25514,6.55,22.47,29.17,184,79469.42857142857,6637.142857142857,6.553938767388351,12.67355078221317
2020-04-12,1845653,120351,411864,1313438,96802,5731,18873,6.52,22.32,29.22,184,83052.85714285714,6738.571428571428,6.5207815336902435,12.825494109640152
2020-04-13,1915247,126098,438395,1350754,69594,5747,26531,6.58,22.89,28.76,184,82613.14285714286,6726.428571428572,6.583902755101562,13.499000952907107
2020-04-14,1985174,132996,463014,1389164,69927,6898,24619,6.7,23.32,28.72,184,81620.85714285714,6583.0,6.699463120109371,14.29629304167417
2020-04-15,2066003,141308,498925,1425770,80829,8312,35911,6.84,24.15,28.32,184,81200.0,6808.285714285715,6.839680290880507,15.080782717638822
2020-04-16,2162715,148591,529015,1485109,96712,7283,30090,6.87,24.46,28.09,184,82641.0,6758.857142857143,6.870577029335811,15.588656983934518
2020-04-17,2250439,157481,554287,1538671,87724,8890,25272,7.0,24.63,28.41,184,82650.42857142857,6990.0,6.997790208932568,16.327983079998052
2020-04-18,2324396,163952,577789,1582655,73958,6471,23502,7.05,24.86,28.38,184,82220.85714285714,7047.428571428572,7.053531325987482,17.055234662777064
2020-04-19,2404919,168522,608557,1627840,80523,4570,30768,7.01,25.3,27.69,184,79895.28571428571,6881.571428571428,7.007387774806554,18.331471308840676
2020-04-20,2478258,173965,629862,1674431,73339,5443,21305,7.02,25.42,27.62,184,80430.28571428571,6838.142857142857,7.019648478891222,18.82753281356118
2020-04-21,2553508,181122,664043,1708343,75250,7157,34181,7.09,26.01,27.28,184,81190.71428571429,6875.142857142857,7.093065696289183,19.272325756316167
2020-04-22,2630314,187877,693207,1749230,78994,6755,29164,7.14,26.35,27.1,184,80928.57142857143,6652.714285714285,7.142759381579538,20.092270258333087
2020-04-23,2719327,194727,721689,1802911,89013,6850,28482,7.16,26.54,26.98,184,79828.71428571429,6590.857142857143,7.160852666854703,21.186050482111398
2020-04-24,2806267,201401,771329,1833537,96974,6674,49640,7.18,27.49,26.11,184,81150.14285714286,6274.285714285715,7.17682957466271,21.981761312270585
2020-04-25,2891199,206979,798239,1885981,84932,5578,26910,7.16,27.61,25.93,184,82717.85714285714,6146.714285714285,7.158933023980708,22.23549043981651
2020-04-26,2964146,210862,825969,1927315,72948,3883,27730,7.11,27.87,25.53,184,81635.71428571429,6048.571428571428,7.113752156607671,23.20737866067675
2020-04-27,3032850,215511,852382,1964957,68704,4649,26413,7.11,28.1,25.28,184,80973.57142857143,5935.142857142857,7.105890499035561,24.02627029564721
2020-04-28,3108149,221974,884680,2001495,75404,6463,32298,7.14,28.46,25.09,184,80995.57142857143,5836.0,7.141678214268364,24.68482006527191
2020-04-29,3185195,228742,925752,2030701,79558,6768,41072,7.18,29.06,24.71,184,81076.14285714286,5837.857142857143,7.181412754949069,25.348848766365084
2020-04-30,3268876,234704,989616,2044556,83681,5962,63864,7.18,30.27,23.72,186,80314.42857142857,5711.0,7.179960328871453,26.36087993078035
2020-05-01,3355922,239881,1026501,2089540,87046,5177,36885,7.15,30.59,23.37,186,78896.14285714286,5497.142857142857,7.1479909246996804,27.125800046017634
2020-05-02,3437608,245206,1066362,2126040,81853,5325,39861,7.13,31.02,22.99,186,78456.28571428571,5461.0,7.133041347355487,28.02947272732997
2020-05-03,3515244,248659,1097577,2169008,77636,3453,31215,7.07,31.22,22.66,186,79126.0,5399.571428571428,7.073733715212942,28.454321818859217
2020-05-04,3591321,252787,1130526,2208008,76078,4128,32949,7.04,31.48,22.36,186,80179.42857142857,5325.142857142857,7.038830558449105,28.707294494776296
2020-05-05,3671310,258658,1166155,2246497,79989,5871,35629,7.05,31.76,22.18,186,80834.42857142857,5240.571428571428,7.045387068920903,29.137617362699675
2020-05-06,3761332,265327,1210894,2285111,90022,6669,44739,7.05,32.19,21.91,186,82329.28571428571,5226.428571428572,7.054070207043675,29.183452533297757
2020-05-07,3850418,270736,1249311,2330371,90669,5409,38417,7.03,32.45,21.67,186,83327.57142857143,5147.428571428572,7.031340493421753,29.633339769353235
2020-05-08,3941935,276304,1284849,2380782,92997,5568,35538,7.01,32.59,21.5,186,84177.71428571429,5203.285714285715,7.009349469232749,30.14710021917633
2020-05-09,4027781,280569,1337367,2409845,85846,4265,52518,6.97,33.2,20.98,186,84748.14285714286,5051.857142857143,6.9658454618063885,30.623824400700617
2020-05-10,4104027,284135,1370108,2449784,76255,3566,32741,6.92,33.38,20.74,186,84550.85714285714,5068.0,6.92332189822338,31.33177183251217
2020-05-11,4180268,287608,1416204,2476456,76298,3473,46096,6.88,33.88,20.31,186,84582.28571428571,4974.428571428572,6.880133044101479,31.95167773761951
2020-05-12,4263867,293155,1452191,2518521,83619,5547,35987,6.88,34.06,20.19,186,85100.85714285714,4928.142857142857,6.8753317118005794,32.42729928269902
2020-05-13,4348619,298383,1506905,2543331,84917,5228,54714,6.86,34.65,19.8,187,84371.57142857143,4722.285714285715,6.86155765772996,33.442633376908226
2020-05-14,4445724,303651,1545712,2596361,97106,5268,38807,6.83,34.77,19.64,187,85291.14285714286,4702.142857142857,6.83018109086394,33.75066630047134
2020-05-15,4542073,308866,1592880,2640327,96349,5215,47168,6.8,35.07,19.39,187,85770.0,4651.714285714285,6.800110874483964,34.23871824191947
2020-05-16,4637485,313037,1648546,2675902,95412,4171,55666,6.75,35.55,18.99,187,87136.57142857143,4638.285714285715,6.75014582257409,34.422159917533136
2020-05-17,4715994,316366,1688699,2710929,78509,3329,40153,6.71,35.81,18.73,187,87458.57142857143,4604.428571428572,6.708363072556921,34.908946906834146
2020-05-18,4804278,319657,1740909,2743712,88284,3291,52210,6.65,36.24,18.36,187,89170.85714285714,4578.428571428572,6.65359082051455,34.87372265971352
2020-05-19,4900702,324441,1792256,2784005,96633,4784,51347,6.62,36.57,18.1,187,91030.0,4469.428571428572,6.620296439163205,34.85604717261781
2020-05-20,5003730,329326,1850441,2823963,103028,4885,58185,6.58,36.98,17.8,187,93617.28571428571,4420.428571428572,6.581610118851337,34.57701417793496
2020-05-21,5110064,334112,1900768,2875184,106438,4786,50327,6.54,37.2,17.58,187,94950.42857142857,4351.571428571428,6.538313414469956,34.839221442040994
2020-05-22,5216964,339396,2008541,2869027,106900,5284,107773,6.51,38.5,16.9,187,96457.71428571429,4361.428571428572,6.505622810508181,35.02458991949177
2020-05-23,5322253,343385,2062802,2916066,105289,3989,54261,6.45,38.76,16.65,187,97868.71428571429,4335.428571428572,6.451872919231762,35.229967667281706
2020-05-24,5417579,346525,2117555,2953499,95326,3140,54753,6.4,39.09,16.36,187,100271.14285714286,4308.428571428572,6.396307280429136,34.98488595995432
2020-05-25,5504542,347703,2180605,2976234,87335,1178,63050,6.32,39.61,15.95,187,100135.57142857143,4006.5714285714284,6.316656317637326,35.65917852586447
2020-05-26,5597064,351906,2235118,3010040,92742,4203,54513,6.29,39.93,15.74,187,99579.71428571429,3923.5714285714284,6.287332072672387,36.51885156582244
2020-05-27,5699664,357119,2297613,3044932,102600,5213,62495,6.27,40.31,15.54,187,99518.57142857143,3970.4285714285716,6.265614955548257,37.259226312250554
2020-05-28,5818978,361820,2363746,3093412,119314,4701,66133,6.22,40.62,15.31,187,101358.0,3958.285714285714,6.217930365091602,37.3483859027831
2020-05-29,5940145,366562,2440127,3133456,121167,4742,76381,6.17,41.08,15.02,187,103396.14285714286,3880.8571428571427,6.170926803975324,37.37565854358915
2020-05-30,6077978,370718,2509981,3197279,137833,4156,69854,6.1,41.3,14.77,187,108045.28571428571,3904.714285714286,6.0993639661084655,36.54315140784066
2020-05-31,6185530,373606,2585589,3226335,107552,2888,75608,6.04,41.8,14.45,187,109791.85714285714,3868.714285714286,6.039999805998839,36.60151195201604
2020-06-01,6280725,376674,2639599,3264452,95195,3068,54010,6.0,42.03,14.27,187,110914.71428571429,4138.714285714285,5.997301266971568,36.78236839099612
2020-06-02,6401536,381497,2743083,3276956,121577,4823,103484,5.96,42.85,13.91,187,115034.0,4227.285714285715,5.959460354514916,36.129430202182384
2020-06-03,6520924,387069,2821430,3312425,119389,5572,78347,5.94,43.27,13.72,187,117432.42857142857,4278.571428571428,5.935799895842981,36.04540100596942
2020-06-04,6647861,392218,2890776,3364867,126937,5149,69346,5.9,43.48,13.57,187,118521.42857142857,4342.571428571428,5.899912768934248,36.434721833682566
2020-06-05,6778724,396994,2959037,3422693,130863,4776,68261,5.86,43.65,13.42,187,119906.57142857143,4347.428571428572,5.856470922846246,36.742401112229366
2020-06-06,6914666,400875,3030214,3483577,135942,3881,71177,5.8,43.82,13.23,187,119636.42857142857,4308.142857142857,5.797460065316242,37.620631862040085
2020-06-07,7026925,403617,3084718,3538590,112259,2742,54504,5.74,43.9,13.08,187,120308.85714285714,4287.285714285715,5.7438637810991295,38.04424653390846
2020-06-08,7129150,407314,3235640,3486196,102225,3697,150922,5.71,45.39,12.59,187,121313.14285714286,4377.142857142857,5.713359937720486,38.293431674452314
2020-06-09,7253492,412236,3317121,3524135,124342,4922,81481,5.68,45.73,12.43,187,121708.14285714286,4391.285714285715,5.68327641362257,38.833314320513466
2020-06-10,7387517,417441,3395154,3574922,134025,5205,78033,5.65,45.96,12.3,187,123799.0,4338.857142857143,5.650626590774681,38.88605027880797
2020-06-11,7525631,422215,3480121,3623295,138114,4774,84967,5.61,46.24,12.13,187,125395.71428571429,4285.285714285715,5.610360114653509,39.12312006255917
2020-06-12,7654725,426512,3558933,3669280,129094,4297,78812,5.57,46.49,11.98,187,125143.0,4216.857142857143,5.571878806880718,39.92316107106594
2020-06-13,7790735,430750,3644048,3715937,136010,4238,85115,5.53,46.77,11.82,187,125152.71428571429,4267.857142857143,5.529003361043599,40.674055971392825
2020-06-14,7924156,434124,3714006,3776026,133421,3374,69958,5.48,46.87,11.69,187,128175.85714285714,4358.142857142857,5.478488813193481,40.37752247524807
2020-06-15,8043794,437549,3793406,3812839,119638,3425,79400,5.44,47.16,11.53,187,130663.42857142857,4319.285714285715,5.439584852620542,40.19614366303077
2020-06-16,8185197,444416,3890800,3849981,141403,6867,97394,5.43,47.53,11.42,187,133100.7142857143,4597.142857142857,5.42950890491701,40.151098839450974
2020-06-17,8327050,449671,4008201,3869178,141853,5255,117401,5.4,48.13,11.22,187,134219.0,4604.285714285715,5.400123693264722,40.528974566001395
2020-06-18,8466978,454700,4088826,3923452,139928,5029,80625,5.37,48.29,11.12,187,134478.14285714287,4640.714285714285,5.37027496705436,41.168094532836406
2020-06-19,8647784,460973,4183298,4003513,180954,6273,94472,5.33,48.37,11.02,187,141886.7142857143,4923.0,5.330533232559925,39.77726108282997
2020-06-20,8805336,465222,4298603,4041511,157552,4249,115305,5.28,48.82,10.82,187,144964.14285714287,4924.571428571428,5.2834099686826255,39.63342169489363
2020-06-21,8933875,469185,4366875,4097815,128539,3963,68272,5.25,48.88,10.74,187,144266.7142857143,5008.714285714285,5.251752459039331,40.45569603045495
2020-06-22,9071733,472756,4458093,4140884,137858,3571,91218,5.21,49.14,10.6,187,146869.57142857142,5029.571428571428,5.211308577975124,40.34534592314776
2020-06-23,9237071,478067,4561696,4197308,165338,5311,103603,5.18,49.38,10.48,187,150288.85714285713,4807.285714285715,5.175525878278948,40.133399374818026
2020-06-24,9408254,483328,4677005,4247921,171183,5261,115309,5.14,49.71,10.33,187,154478.85714285713,4808.142857142857,5.137276268264015,39.745284221639054
2020-06-25,9586141,489955,4769458,4326728,177887,6627,92453,5.11,49.75,10.27,187,159901.57142857142,5036.428571428572,5.111076500961127,39.083651439597105
2020-06-26,9777487,494782,4875774,4406931,191346,4827,106316,5.06,49.87,10.15,187,161386.14285714287,4829.857142857143,5.060420944563772,39.51827802546835
2020-06-27,9955597,499268,4981808,4474521,178110,4486,106034,5.01,50.04,10.02,187,164323.0,4863.714285714285,5.014947873040662,39.51904751631039
2020-06-28,10117227,502357,5070592,4544278,162349,3089,88784,4.97,50.12,9.91,187,169153.0,4738.857142857143,4.965362544499595,39.00678773724796
2020-06-29,10275799,506078,5164494,4605227,158572,3721,93902,4.92,50.26,9.8,187,172112.14285714287,4760.285714285715,4.924950361524199,38.93204045721622
2020-06-30,10449697,511210,5281459,4657028,173898,5132,116965,4.89,50.54,9.68,187,173335.0,4734.714285714285,4.892103570084377,39.33606387928123
2020-07-01,10667386,516221,5397083,4754082,217689,5011,115624,4.84,50.59,9.56,187,179978.7142857143,4699.0,4.83924552837968,38.62968844712272
2020-07-02,10875091,521341,5681477,4672273,207705,5120,284394,4.79,52.24,9.18,187,184238.42857142858,4483.714285714285,4.793900115410529,38.460395707206864
2020-07-03,11078585,526336,5790942,4761307,203495,4995,109465,4.75,52.27,9.09,187,185974.0,4507.714285714285,4.75093163973558,38.83753517243093
2020-07-04,11272152,530705,5986375,4755072,193567,4369,195433,4.71,53.11,8.87,187,188182.14285714287,4491.0,4.708107200825539,39.06615497284748
2020-07-05,11454847,534150,6105546,4815151,182695,3445,119171,4.66,53.3,8.75,187,191088.7142857143,4541.857142857143,4.663091527979379,39.07465224272834
2020-07-06,11622190,537947,6228768,4855475,167343,3797,123222,4.63,53.59,8.64,187,192341.7142857143,4552.714285714285,4.628619907263605,39.40745388594742
2020-07-07,11833034,544054,6373513,4915467,210844,6107,144745,4.6,53.86,8.54,187,197619.7142857143,4692.0,4.597755740412814,39.02788912280889
2020-07-08,12044836,549373,6531016,4964447,211802,5319,157503,4.56,54.22,8.41,187,196778.7142857143,4736.0,4.561066667906479,39.952500491701976
2020-07-09,12273063,554831,6665237,5052995,228227,5458,134221,4.52,54.31,8.32,187,199710.42857142858,4784.285714285715,4.520721518336539,40.12199940077424
2020-07-10,12505640,560142,6804254,5141244,232577,5311,139017,4.48,54.41,8.23,187,203865.0,4829.428571428572,4.479115023301486,40.04456031590107
2020-07-11,12721968,565039,6929711,5227218,216328,4897,125457,4.44,54.47,8.15,187,207116.57142857142,4904.857142857143,4.441443336439771,40.1010795188014
2020-07-12,12914636,568993,7041174,5304469,192668,3954,111463,4.41,54.52,8.08,187,208541.2857142857,4977.571428571428,4.405799745343191,40.4510190233945
2020-07-13,13107415,572808,7181139,5353468,192779,3815,139965,4.37,54.79,7.98,187,212175.0,4980.142857142857,4.370106538932352,40.34553181884888
2020-07-14,13328867,578468,7322897,5427502,221452,5660,141758,4.34,54.94,7.9,187,213690.42857142858,4916.285714285715,4.339963779366993,40.760682328185375
2020-07-15,13559984,583961,7482320,5493703,231122,5493,159423,4.31,55.18,7.8,187,216450.42857142858,4941.142857142857,4.306502131565937,40.949867054228896
2020-07-16,13812525,589760,7634241,5588524,252544,5799,151921,4.27,55.27,7.73,187,219924.2857142857,4989.857142857143,4.269747928058049,41.060119011152366
2020-07-17,14054563,596503,7793760,5664300,242038,6743,159519,4.24,55.45,7.65,187,221275.85714285713,5194.428571428572,4.244194572253865,41.55296379134918
2020-07-18,14292198,602130,7944550,5745518,237635,5627,150790,4.21,55.59,7.58,187,224319.7142857143,5298.714285714285,4.212997888778199,41.69000734384966
2020-07-19,14506845,606159,8032235,5868451,214647,4029,87685,4.18,55.37,7.55,187,227459.57142857142,5309.428571428572,4.178434387353005,41.734532597325064
2020-07-20,14713623,610319,8190777,5912527,206778,4160,158542,4.15,55.67,7.45,187,229459.42857142858,5358.714285714285,4.147985849576274,41.974141924913745
2020-07-21,14947078,616557,8364986,5965535,233565,6238,174209,4.12,55.96,7.37,187,231189.85714285713,5441.285714285715,4.12493331472546,42.344857775624796
2020-07-22,15227725,623540,8541255,6062930,280647,6983,176269,4.09,56.09,7.3,187,238264.85714285713,5654.142857142857,4.094767931519646,41.82976660307538
2020-07-23,15510481,633506,8710969,6166006,282756,9966,169714,4.08,56.16,7.27,187,242580.85714285713,6249.428571428572,4.0843736567550675,41.84942129959228
2020-07-24,15791645,639650,8939705,6212290,281164,6144,228736,4.05,56.61,7.16,187,248170.2857142857,6163.857142857143,4.050559647205849,41.63621607199206
2020-07-25,16047190,644517,9158743,6243930,255545,4867,219038,4.02,57.07,7.04,187,250728.85714285713,6055.285714285715,4.016385423242324,41.89286685561203
2020-07-26,16251796,648621,9293464,6309711,204606,4104,134721,3.99,57.18,6.98,187,249294.42857142858,6066.0,3.9910727405143405,42.7179948307366
2020-07-27,16480485,654036,9468087,6358362,228693,5415,174623,3.97,57.45,6.91,187,252425.14285714287,6245.285714285715,3.968548255709708,42.78567287108437
